[
  {
    "titulo": "Gran Nube de Magallanes",
    "fuente": "Alura Space",
    "path": "/imagenes/galeria/foto-1.png",
    "id": "1",
    "tagId": 2
  },
  {
    "titulo": "Vía Láctea",
    "fuente": "Alura Space",
    "path": "/imagenes/galeria/foto-2.png",
    "id": "2",
    "tagId": 2
  },
  {
    "titulo": "Luna: cuarto menguante",
    "fuente": "Alura Space",
    "path": "/imagenes/galeria/foto-3.png",
    "id": "3",
    "tagId": 3
  },
  {
    "titulo": "Galaxia de Andrómeda",
    "fuente": "Alura Space",
    "path": "/imagenes/galeria/foto-4.png",
    "id": "4",
    "tagId": 2
  },
  {
    "titulo": "Estrella Pistola",
    "fuente": "Alura Space",
    "path": "/imagenes/galeria/foto-5.png",
    "id": "5",
    "tagId": 1
  },
  {
    "titulo": "Ilustración",
    "fuente": "Alura Space",
    "path": "/imagenes/galeria/foto-6.png",
    "id": "6",
    "tagId": 4
  },
  {
    "titulo": "Galaxia de Andrómeda",
    "fuente": "Alura Space",
    "path": "/imagenes/galeria/foto-7.png",
    "id": "7",
    "tagId": 2
  },
  {
    "titulo": "Ilustración",
    "fuente": "Alura Space",
    "path": "/imagenes/galeria/foto-8.png",
    "id": "8",
    "tagId": 4
  },
  {
    "titulo": "Cielo estrellado",
    "fuente": "Alura Space",
    "path": "/imagenes/galeria/foto-9.png",
    "id": "9",
    "tagId": 1
  },
  {
    "titulo": "Ilustración",
    "fuente": "Alura Space",
    "path": "/imagenes/galeria/foto-10.png",
    "id": "10",
    "tagId": 1
  }
]
